{
  "model_version": "waterbottle_resnet18_v1",
  "created_at": "2026-06-16T20:24:12.878968+00:00",
  "n_reference": 547,
  "class_distribution": {
    "full": 0.499086,
    "half": 0.394881,
    "overflow": 0.106033
  },
  "confidence_mean": 0.829371,
  "confidence_hist": [
    0.0,
    0.0,
    0.0,
    0.0018281535648994515,
    0.03656307129798903,
    0.07495429616087751,
    0.09323583180987204,
    0.1480804387568556,
    0.1846435100548446,
    0.4606946983546618
  ],
  "num_bins": 10
}